content,category
"Request for Course Syllabus: Could you please send me the updated syllabus for COMP101? I need to plan my study schedule.",student
"Midterm Exam Date Inquiry: When is the midterm exam for PHYS202 scheduled? I have a conflicting appointment and may need to reschedule.",student
"Assignment Extension Request: Due to a family emergency, I'm unable to complete the essay on time. Could I get a 3-day extension?",student
"Library Access Issues: I'm having trouble accessing the online library resources. Could you please help me resolve this?",student
"Grade Appeal Process: What's the procedure for appealing a grade? I believe there's an error in my MATH301 final score.",student
"Study Group Formation: I'd like to form a study group for CHEM202. Can you recommend a good way to find interested classmates?",student
"Scholarship Application Deadline: When is the deadline for submitting scholarship applications? I want to ensure I don't miss it.",student
"Textbook Availability: Is the required textbook for ECON101 available in the campus bookstore? If not, where can I purchase it?",student
"Career Counseling Appointment: How can I schedule an appointment with a career counselor? I need guidance on my major selection.",student
"Dormitory Maintenance Request: The heating in my dorm room isn't working properly. Who should I contact to get this fixed?",student
"Class Registration Issues: I'm unable to register for BIOL303 due to a system error. Can you help me resolve this?",student
"Internship Credit Inquiry: Can I receive course credit for my summer internship? What's the process for applying?",student
"Academic Probation Concern: I'm worried about being placed on academic probation. What GPA do I need to maintain to avoid this?",student
"Lab Safety Training Schedule: When is the next lab safety training session? I need to complete it before starting my research project.",student
"Graduation Application Process: Could you provide information on the graduation application process and deadlines?",student
"Study Abroad Program Query: I'm interested in studying abroad next semester. What programs are available for computer science majors?",student
"Tutoring Services Information: Are there free tutoring services available for calculus? If so, how can I sign up?",student
"Transcript Request Procedure: What's the process for requesting an official transcript? I need one for a scholarship application.",student
"Course Withdrawal Deadline: When is the last day to withdraw from a course without it affecting my GPA?",student
"Financial Aid Status: I haven't received my financial aid disbursement yet. Who should I contact to check on its status?",student
"Club Membership Process: How can I join the Environmental Club? Are there any prerequisites or membership fees?",student
"Academic Advisor Meeting: I need to meet with my academic advisor to discuss my course schedule. How do I set up an appointment?",student
"Exam Rescheduling Request: I have two final exams scheduled at the same time. What's the procedure for rescheduling one of them?",student
"Campus Wi-Fi Issues: The Wi-Fi in the library has been unreliable lately. Who should I report this to?",student
"Lost Student ID Replacement: I've lost my student ID card. What's the process for getting a replacement?",student
"Research Assistant Opportunity: Are there any research assistant positions available in the psychology department for undergraduates?",student
"Parking Permit Application: How do I apply for a student parking permit? Are there any spaces still available for this semester?",student
"Disability Accommodation Request: I need accommodations for my upcoming exams due to my disability. What documentation do I need to provide?",student
"Course Prerequisite Override: Can I get an override for the prerequisite for CSCI401? I have equivalent experience from my internship.",student
"Gym Membership Query: How much does a student gym membership cost? Are there any discounts available?",student
"Student Health Insurance: Where can I find information about the student health insurance plan? Is enrollment automatic?",student
"Dean's List Criteria: What GPA do I need to achieve to make the Dean's List this semester?",student
"Language Placement Test: When and where are the language placement tests held? I need to take one for Spanish.",student
"On-Campus Job Opportunities: Are there any on-campus job opportunities available? How do I apply for them?",student
"Course Audit Process: What's the process for auditing a course? Do I need instructor permission?",student
"Commencement Ceremony Details: When and where will the commencement ceremony be held this year? Do I need to register for it?",student
"Major Declaration Procedure: I want to declare my major in psychology. What forms do I need to fill out?",student
"Intramural Sports Registration: How do I register for intramural basketball? When does the season start?",student
"Library Book Renewal: Can I renew my library books online? What's the maximum number of renewals allowed?",student
"Mental Health Services: Does the university offer free counseling services? How can I schedule an appointment?",student
"Honors Program Application: What are the requirements for joining the Honors Program? Is there an application deadline?",student
"Student Loan Repayment Info: When do I need to start repaying my student loans? Where can I find more information about this?",student
"Campus Security Escort: Does campus security offer escort services for students walking late at night?",student
"Meal Plan Changes: How can I upgrade my meal plan? I've run out of meal swipes this month.",student
"Printer Credit Purchase: Where can I purchase additional printer credits? My account balance is low.",student
"International Student Services: I'm having issues with my visa. Who in the International Student Office should I speak with?",student
"Classroom Technology Support: The projector in room 301 isn't working. Who should I contact for immediate assistance?",student
"Student Government Elections: When are the student government elections held? How can I run for a position?",student
"Plagiarism Workshop Schedule: Are there any upcoming workshops on avoiding plagiarism? I want to improve my citation skills.",student
"Campus Recycling Program: How can I get involved with the campus recycling program? Are there volunteer opportunities?",student
"Textbook Buyback Program: When does the bookstore's textbook buyback program start? What prices can I expect?",student
"Capstone Project Guidelines: Where can I find the guidelines for the senior capstone project? Is there a template available?",student
"Student Discount Information: Do you have a list of local businesses that offer student discounts?",student
"Computer Lab Hours: What are the operating hours for the computer lab in the engineering building?",student
"Graduation Regalia Order: How and when do I order my cap and gown for graduation? Is there a deadline?",student
"Change of Address Procedure: I've moved off-campus. How do I update my mailing address in the university system?",student
"Internship Fair Date: When is the next internship fair? Will there be companies from the biotech industry?",student
"Exam Proctoring Services: I'm taking an online course that requires a proctored exam. Does the university offer this service?",student
"Student Emergency Fund: I'm facing unexpected financial hardship. Does the university have an emergency fund for students?",student
"Writing Center Appointments: How do I schedule an appointment with the Writing Center? Do they offer online sessions?",student
"Course Waitlist Procedure: I'm on the waitlist for PSYCH202. How will I know if a spot opens up?",student
"Alumni Mentorship Program: Is there an alumni mentorship program for current students? How can I get involved?",student
"Bicycle Registration Process: How do I register my bicycle with campus security? Is there a fee for this service?",student
"Academic Calendar Request: Where can I find the academic calendar for next year? I need to plan my summer internship.",student
"Canvas Login Issues: I'm unable to log into Canvas. Who should I contact for technical support?",student
"Study Room Reservations: How can I reserve a study room in the library? Is there a time limit?",student
"Missed Exam Policy: I missed my midterm due to illness. What's the policy for making up missed exams?",student
"Diversity and Inclusion Events: Are there any upcoming events focused on diversity and inclusion on campus?",student
"Student ID Photo Retake: I don't like my student ID photo. Is it possible to have it retaken?",student
"Undergraduate Research Symposium: When is the undergraduate research symposium? How do I submit my project for consideration?",student
"Campus Sustainability Initiatives: What sustainability initiatives is the university currently working on? How can students get involved?",student
"Transfer Credit Evaluation: I'm a transfer student. When will my credits from my previous institution be evaluated?",student
"Degree Audit Request: How do I request a degree audit to check my progress towards graduation?",student
"Student Org Funding Request: Our student organization needs funding for an event. What's the process for requesting funds?",student
"Career Fair Preparation: Are there any workshops to help prepare for the upcoming career fair?",student
"Residential Assistant Application: I'm interested in becoming a Residential Assistant next year. When do applications open?",student
"Campus Bookstore Hours: What are the operating hours of the campus bookstore during finals week?",student
"Overnight Guest Policy: What's the policy on overnight guests in the dorms? Do I need to register them?",student
"Software License Access: How can I access the free software licenses provided by the university?",student
"Student Newspaper Submission: I'd like to submit an article to the student newspaper. Who should I contact?",student
"Peer Tutoring Opportunities: How can I become a peer tutor? Are there specific GPA requirements?",student
"Campus Art Gallery Exhibitions: What exhibitions are currently on display in the campus art gallery?",student
"Interlibrary Loan Request: How do I request a book through interlibrary loan? How long does the process usually take?",student
"Graduate School Application Workshop: Are there any workshops on applying to graduate school? I need help with my personal statement.",student
"Campus Farm Volunteer Opportunities: How can I volunteer at the campus farm? Do I need any prior experience?",student
"Student Feedback Survey: When will the end-of-semester student feedback surveys be available? Are they anonymous?",student
"Exam Stress Management Workshop: Are there any workshops on managing exam stress? I'm feeling overwhelmed.",student
"Campus Movie Night Schedule: What movies are being shown for campus movie nights this month?",student
"Internship Opportunity Inquiry: We're looking for summer interns in our IT department. Could you share this opportunity with your students?",corporate
"Partnership Proposal: Our company is interested in partnering with your university for a research project. Who should we contact?",corporate
"Guest Lecture Offer: Would your business school be interested in a guest lecture on entrepreneurship from our CEO?",corporate
"Job Fair Participation: We'd like to participate in your upcoming job fair. Could you provide details on how to register?",corporate
"Facility Tour Request: We're considering donating lab equipment. Is it possible to arrange a tour of your science facilities?",corporate
"Recruitment Presentation Inquiry: Can we schedule a recruitment presentation for your computer science students next month?",corporate
"Sponsorship Opportunity: We're interested in sponsoring a student event or program. What opportunities are available?",corporate
"Alumni Network Access: How can our HR team access your alumni network for potential job openings?",corporate
"Research Collaboration Proposal: Our R&D department is seeking academic partners. Who should we contact to discuss potential collaborations?",corporate
"Corporate Training Program: We're looking to enroll some of our employees in your executive education program. Can you provide more information?",corporate
"Student Project Sponsorship: We'd like to sponsor a capstone project for your engineering students. What's the process for this?",corporate
"Campus Recruitment Schedule: When does your fall recruitment season begin? We'd like to be included in your calendar.",corporate
"Company Information Session: Can we book a room for a company information session next week? We're looking to hire 20 graduates.",corporate
"Internship Program Feedback: We've hosted interns from your university and would like to provide feedback. Who should we contact?",corporate
"Joint Research Initiative: Our company is launching a new research initiative and we're seeking academic partners. Is your university interested?",corporate
"Career Center Partnership: We'd like to establish a stronger partnership with your career center. Can we set up a meeting to discuss this?",corporate
"Student Resume Database: Does your university maintain a database of student resumes that companies can access?",corporate
"Corporate Giving Program: We're interested in establishing a scholarship fund at your university. What are the steps to do this?",corporate
"Product Demo Request: We've developed an educational software and would like to demo it to your IT department. Is this possible?",corporate
"Curriculum Input Offer: Our industry is rapidly evolving. We'd like to offer input on your computer science curriculum. Who should we contact?",corporate
"Employee Tuition Reimbursement: We're setting up a tuition reimbursement program for our employees. Can you provide information on your part-time MBA program?",corporate
"Campus Innovation Lab: We're interested in sponsoring an innovation lab on your campus. Is there a proposal process for this?",corporate
"Diversity Recruitment Initiative: We're looking to diversify our workforce. Can you connect us with your multicultural student organizations?",corporate
"Corporate Alumni Event: We'd like to host an event for our employees who are alumni of your university. Can you help us coordinate this?",corporate
"Internship Credit Inquiry: Do students receive academic credit for internships at our company? What's required for this?",corporate
"Research Journal Subscription: How can our company subscribe to research journals published by your university?",corporate
"Executive MBA Information: Could you send information about your Executive MBA program? We're considering enrolling some of our management team.",corporate
"Campus Recruiting Policies: Can you provide us with your latest campus recruiting policies? We want to ensure we're in compliance.",corporate
"Student Organization Sponsorship: We're interested in sponsoring a student organization related to our industry. How can we do this?",corporate
"Cooperative Education Program: Does your university have a cooperative education program? We'd like to participate.",corporate
"Corporate Advisory Board: We're interested in joining your business school's corporate advisory board. What does this entail?",corporate
"Employee Continuing Education: Do you offer any continuing education programs that would be suitable for our employees?",corporate
"Research Commercialization: We're interested in commercializing some of the research from your university. Who should we speak with about this?",corporate
"Job Posting Service: How can we post job openings on your university's job board? Is there a fee for this service?",corporate
"Industry Expert Panel: We'd like to participate in an industry expert panel for your students. How can we arrange this?",corporate
"Corporate Social Responsibility: We're looking for volunteering opportunities for our employees. Does your university have any suitable programs?",corporate
"Graduate Recruitment Program: We're launching a graduate recruitment program. Can you help us promote this to your students?",corporate
"Intellectual Property Workshop: Can we arrange a workshop on intellectual property rights for your engineering students?",corporate
"Alumni Mentor Program: We have several employees who are alumni and interested in mentoring current students. How can they get involved?",corporate
"Startup Incubator Partnership: Our company is interested in partnering with your university's startup incubator. Who should we contact?",corporate
"Professional Development Courses: Do you offer any short professional development courses that our employees could attend?",corporate
"Research Data Access: We're interested in accessing some of the research data from your latest studies. What's the process for this?",corporate
"Campus Tech Upgrade Sponsorship: We'd like to sponsor a technology upgrade for one of your computer labs. How can we proceed with this?",corporate
"Corporate Campus Tour: Can we arrange a campus tour for some of our executives who are considering a donation?",corporate
"Industry Trends Presentation: We'd like to give a presentation on current industry trends to your business students. Is this possible?",corporate
"Employee Graduate Program: We're considering setting up a program for our employees to pursue graduate degrees. Can you provide some options?",corporate
"Recruitment Brochure Request: Could you send us your latest recruitment brochure? We'd like to share it with our HR department.",corporate
"Corporate Feedback on Graduates: We'd like to provide feedback on recent graduates we've hired from your university. Who should we contact?",corporate
"Research Grant Proposal: We're interested in funding a research grant in artificial intelligence. What's the process for proposing this?",corporate
"Job Shadow Program: We'd like to set up a job shadow program for your students. How can we coordinate this with your career center?",corporate
"Corporate Guest Speaker: One of our executives is interested in being a guest speaker in a business class. How can we arrange this?",corporate
"Employee Skill Assessment: Do you offer any services to assess the skills of our employees for potential training needs?",corporate
"Research Symposium Sponsorship: We're interested in sponsoring your annual research symposium. What sponsorship levels are available?",corporate
"Corporate Sustainability Partnership: We're looking to partner on sustainability initiatives. Does your university have a sustainability office?",corporate
"Virtual Career Fair Participation: Given the current situation, are you hosting any virtual career fairs? We'd like to participate.",corporate
"Student Consulting Projects: Do you have a program where students work on consulting projects for companies? We'd be interested in participating.",corporate
"Corporate Communications Workshop: Can we arrange a workshop on corporate communications for your journalism students?",corporate
"Employee Language Courses: Do you offer language courses that our employees could attend to improve their language skills?",corporate
"Research Conference Sponsorship: We'd like to sponsor an upcoming research conference at your university. What opportunities are available?",corporate
"Innovation Challenge Proposal: We want to host an innovation challenge for your students. How can we coordinate this with your university?",corporate
"Corporate Art Donation: We have some corporate art we'd like to donate to your university. Who should we contact about this?",corporate
"Employee Wellness Program: Does your university offer any wellness programs that our employees could participate in?",corporate
"Technology Transfer Office: We're interested in licensing some technology developed at your university. Who should we contact in your tech transfer office?",corporate
"Corporate Volunteer Day: We'd like to organize a volunteer day for our employees at your university. Are there any suitable projects?",corporate
"Student Internship Feedback: We'd like to provide feedback on our internship program. Who in your career services should we contact?",corporate
"Industry-Specific Career Fair: Would your university be interested in co-hosting an industry-specific career fair with us?",corporate
"Executive Education Customization: Can we discuss customizing one of your executive education programs for our company's specific needs?",corporate
"Campus Recruitment Video: We'd like to film a recruitment video on your campus. What's the process for getting permission?",corporate
"Alumni Employee Network: We're starting an alumni network within our company. Can you help us connect with other alumni employees?",corporate
"Research Park Tenancy: We're interested in becoming a tenant in your university's research park. What spaces are currently available?",corporate
"Corporate Philanthropy Advic: We're looking to expand our corporate philanthropy in education. Can your development office advise us?",corporate
"Student Design Competition: We'd like to sponsor a design competition for your engineering students. How can we set this up?",corporate
"Employee Sabbatical Program: We're considering a sabbatical program for our employees. Do you have any research opportunities they could participate in?",corporate
"Industry Advisory Committee: We'd like to join your engineering department's industry advisory committee. What does this involve?",corporate
"Corporate Leadership Program: Can we collaborate on developing a leadership program for our high-potential employees?",corporate
"University-Industry Liaison: Who is the main point of contact for university-industry relations at your institution?",corporate
"Workforce Development Partnership: We're interested in partnering on workforce development initiatives. Does your university have any ongoing programs?",corporate
"Corporate Innovation Workshop: Could we arrange an innovation workshop for our R&D team, led by your business school faculty?",corporate
"Employee Upskilling Programs: What short-term courses or certifications do you offer that could help upskill our workforce?",corporate
"Research Commercialization Workshop: Can we organize a workshop on research commercialization for our scientists?",corporate
"Corporate Sponsored Scholarships: We want to set up a scholarship program for underrepresented students. How can we establish this?",corporate
"Industry Mentor Program: We'd like our employees to mentor your students. How can we establish a structured mentoring program?",corporate
"Diversity in STEM Initiative: We're launching a diversity in STEM initiative. How can we collaborate with your university on this?",corporate
"Employee Tuition Discount: Do you offer tuition discounts for employees of partner companies? We're interested in such an arrangement.",corporate
"Corporate Innovation Lab: We're considering setting up an innovation lab on your campus. What would this process entail?",corporate
"Industry-Specific Curriculum: Can we work with your faculty to develop industry-specific curriculum modules?",corporate
"Cybersecurity Training Partnership: We're looking to partner on cybersecurity training initiatives. Does your university have relevant programs?",corporate
"Corporate Sponsored Research: What's the process for proposing and funding a corporate-sponsored research project at your university?",corporate
"Employee Graduate Recruitment: We're looking to recruit employees for our graduate program. Can we arrange on-campus interviews?",corporate
"Industry Expert in Residence: We'd like to propose an 'Industry Expert in Residence' program. Is this something your university would consider?",corporate
"Corporate Archive Donation: We have historical corporate archives we'd like to donate. Does your university accept such donations?",corporate
"Employee Volunteer Program: We're setting up an employee volunteer program. What opportunities are there at your university?",corporate
"Research Equipment Donation: We have some specialized research equipment to donate. Who should we contact about this?",corporate
"Industry-Academia Roundtable: We'd like to organize a roundtable discussion between our industry leaders and your academics. Is this possible?",corporate
"Corporate Sponsored Hackathon: We're interested in sponsoring a hackathon for your computer science students. How can we arrange this?",corporate
"Employee Education Benefits: We're revising our employee education benefits. Can you provide information on your part-time and online programs?",corporate
"Industry Case Study Development: We'd like to work with your business school to develop a case study on our company. How do we proceed?",corporate
"Corporate Sponsored Lab: We're interested in sponsoring a research lab in your engineering department. What does this process involve?",corporate
"Employee Recruitment Campaign: We're planning a major recruitment campaign targeting your graduates. How can we maximize our visibility on campus?",corporate
"Industry-Specific Career Advice: Can we arrange for our HR team to give industry-specific career advice to your students?",corporate
"Corporate Social Responsibility Partnership: We're looking for a university partner for our CSR initiatives. What opportunities do you offer?",corporate
"Employee Skill Gap Analysis: Can your career services help us conduct a skill gap analysis for our workforce?",corporate
"Industry 4.0 Training Programs: Do you offer any training programs related to Industry 4.0 technologies that our employees could attend?",corporate
"Corporate Brand Ambassador Program: We're launching a brand ambassador program on college campuses. How can we implement this at your university?",corporate
"Employee Doctoral Program: We're interested in supporting employees pursuing doctoral studies. What part-time or executive PhD programs do you offer?",corporate
"Corporate Sponsored Makerspace: We'd like to sponsor a makerspace on your campus. What would this entail?",corporate
"Industry-Academia Knowledge Exchange: Can we organize a knowledge exchange event between our R&D team and your researchers?",corporate
"Employee Abroad Program: We're considering an 'employee abroad' program. Do you have any international campuses that could host our employees?",corporate
"Corporate Digital Transformation Workshop: Could your IT department provide a digital transformation workshop for our executives?",corporate
"Student Entrepreneurship Support: We'd like to support student entrepreneurship initiatives. What programs do you have that we could sponsor?",corporate
"Industry Placement Year: We're interested in offering year-long industry placements. How can we set this up with your university?",corporate
"Corporate Apprenticeship Program: We're launching an apprenticeship program. Can we collaborate with your vocational training department?",corporate
"Employee Reskilling Initiative: In light of automation, we're reskilling our workforce. What programs do you offer that could support this?",corporate
"Industry-Specific Online Course: We'd like to collaborate on developing an industry-specific online course. Is this something your university does?",corporate
"Corporate Innovation Challenge: We want to launch an innovation challenge for your students to solve our industry problems. How can we organize this?",corporate
"Employee Wellness Partnership: We're looking to partner with a university for our employee wellness program. What services can you offer?",corporate
"Industry Trends Report Collaboration: Can we collaborate with your business school on an industry trends report?",corporate
"Corporate Sponsored Research Center: We're interested in sponsoring a research center at your university. What's involved in this process?",corporate
"Employee Leadership Development: Can your executive education department create a customized leadership development program for our senior managers?",corporate
"Industry-Academia Job Rotation: We're considering a job rotation program between our company and academia. Is this something your university would be interested in?",corporate
"Corporate Sustainability Collaboration: We're looking to improve our sustainability practices. Can your environmental science department assist us?",corporate
"Employee Microcredentials: Do you offer microcredentials or digital badges that our employees could earn to showcase their skills?",corporate
"Industry 4.0 Readiness Assessment: Could your engineering department help us assess our Industry 4.0 readiness?",corporate
"Corporate Sponsored MOOC: We'd like to sponsor a MOOC related to our industry. Is this something your university produces?",corporate
"Employee Secondment Program: We're interested in seconding some of our employees to your research labs. Is this possible?",corporate
"Industry-Specific Ethics Course: Can we work with your philosophy department to develop an industry-specific ethics course?",corporate
"Corporate Sponsored Design Thinking Workshop: Could your design school run a design thinking workshop for our product development team?",corporate
"Employee Soft Skills Training: We're looking for soft skills training for our technical employees. What programs do you offer?",corporate
"Industry-Academia Data Sharing: We're interested in sharing some of our industry data for academic research. How can we set up a data sharing agreement?",corporate
"Corporate Mindfulness Program: Do you have experts who could help us implement a corporate mindfulness program?",corporate
"Employee Study Tours: We're considering organizing study tours for our employees. Could your university host these?",corporate
"Industry-Specific Summer School: We'd like to sponsor an industry-specific summer school for students. How can we collaborate on this?",corporate
"Data Sharing Protocol: I'm interested in accessing the dataset from your recent study. What's your data sharing protocol?",researcher
"Collaboration Inquiry: Our team is working on a similar project. Would you be open to collaboration on future research?",researcher
"Conference Presentation Query: I'd like to present our findings at your upcoming conference. Could you share the submission guidelines?",researcher
"Lab Equipment Usage: Do you allow external researchers to use your advanced microscopy equipment? If so, what's the process?",researcher
"Research Grant Information: I'm writing a grant proposal and need information on your institution's overhead rates. Where can I find this?",researcher
"Peer Review Request: I'm seeking peer reviewers for my latest paper on quantum computing. Would you or your colleagues be interested?",researcher
"Visiting Scholar Inquiry: I'm interested in spending a sabbatical semester at your institution. What's the process for visiting scholars?",researcher
"Research Ethics Approval: Does your institution have an ethics committee for approving human subjects research? How do I submit a proposal?",researcher
"Publication Repository Access: I'm having trouble accessing your institution's publication repository. Can you help me with login credentials?",researcher
"Seminar Series Invitation: We'd like to invite you to give a seminar on your recent work in our department. Are you available next month?",researcher
"Research Symposium Participation: When is your annual research symposium? I'd like to submit an abstract for consideration.",researcher
"Collaborative Grant Opportunity: There's a new grant opportunity that requires multi-institutional collaboration. Would your team be interested in joining?",researcher
"Lab Tour Request: I'm a visiting researcher and would like to tour your facilities. Is this possible to arrange?",researcher
"Data Analysis Software Query: What data analysis software does your department use? We're considering updating our tools.",researcher
"Postdoc Position Inquiry: Do you have any postdoctoral positions available in your lab? I'm finishing my PhD in molecular biology.",researcher
"Research Paper Access: I'm unable to access one of your recent papers through our library. Could you share a preprint?",researcher
"Interdisciplinary Project Proposal: I have an idea for an interdisciplinary project combining our fields. Can we schedule a call to discuss?",researcher
"Conference Organization Committee: Would you be interested in joining the organizing committee for next year's conference on climate change?",researcher
"Research Participant Recruitment: We're recruiting participants for a study on sleep patterns. Could you share our call for participants?",researcher
"Funding Opportunity Alert: I came across a funding opportunity that might interest your research group. Would you like me to forward the details?",researcher
"Guest Lecture Invitation: We'd be honored if you could give a guest lecture on your latest research to our graduate students.",researcher
"Lab Protocol Sharing: Could you share your lab's protocol for the new RNA sequencing technique you mentioned in your recent paper?",researcher
"Research Software Licensing: We're interested in using the software your lab developed. What's your licensing policy for academic use?",researcher
"Literature Review Collaboration: I'm conducting a systematic review in our field. Would you be interested in collaborating?",researcher
"Research Data Repository: Do you have a recommended data repository for storing and sharing research data in our field?",researcher
"Co-authorship Inquiry: Based on our recent discussions, I believe we could co-author a paper. Are you interested in pursuing this?",researcher
"Research Assistant Opportunity: Do you have any openings for research assistants in your lab? I have a student looking for experience.",researcher
"Manuscript Review Request: Would you be willing to review a manuscript for our journal? It's in your area of expertise.",researcher
"Research Ethics Consultation: I have some ethical concerns about a proposed study. Does your institution offer research ethics consultations?",researcher
"Grant Writing Workshop: Is your department hosting any grant writing workshops soon? I'd like to attend to improve my skills.",researcher
"Research Impact Metrics: What metrics does your institution use to measure research impact? We're reevaluating our approach.",researcher
"Lab Safety Protocol: Could you share your lab's safety protocols? We're updating ours and looking for best practices.",researcher
"Interdepartmental Collaboration: I believe our departments could benefit from closer collaboration. Can we set up a meeting to discuss possibilities?",researcher
"Research Mentorship Program: Does your institution have a research mentorship program? I'd like to volunteer as a mentor.",researcher
"Open Access Publishing Fund: Does your university have a fund to support open access publishing? If so, how can I apply?",researcher
"Research Equipment Sharing: We're considering purchasing a high-resolution microscope. Does your lab have one we could potentially share?",researcher
"Data Management Plan Assistance: I need help developing a data management plan for my grant proposal. Does your institution offer support for this?",researcher
"Research Integrity Workshop: When is the next research integrity workshop? I'd like to attend to stay updated on best practices.",researcher
"Institutional Review Board Query: How long does your IRB typically take to review proposals? I'm planning my research timeline.",researcher
"Research Funding Newsletter: How can I subscribe to your institution's newsletter about research funding opportunities?",researcher
"Collaborative Research Space: Does your institution have collaborative research spaces that visiting scholars can use?",researcher
"Research Translation Services: Does your university offer translation services for research papers? We're looking to publish in multiple languages.",researcher
"Archival Research Access: I need access to your university's archives for my historical research. What's the process for external researchers?",researcher
"Research Software Support: Does your IT department offer support for specialized research software? We're having issues with a statistics package.",researcher
"Patent Application Process: I believe my research has commercial potential. What's the process for filing a patent through your institution?",researcher
"Research Compliance Training: When is the next research compliance training session? I need to renew my certification.",researcher
"Cross-disciplinary Research Group: I'm interested in joining your cross-disciplinary research group on AI ethics. How can I get involved?",researcher
"Research Proposal Feedback: Does your department offer a service for providing feedback on research proposals before submission?",researcher
"Field Research Permission: I'm planning a field study in your region. Do I need any special permissions from your institution?",researcher
"Research Data Visualization: Does your institution offer any workshops on data visualization techniques for research?",researcher
"Lab Manager Position: Do you know of any lab manager positions opening up in your department? I'm exploring career options.",researcher
"Research Funding Consultation: I'd like to schedule a consultation about potential funding sources for my research. Is this service available?",researcher
"Embargo Period Query: What's your institution's policy on embargo periods for dissertations? I'm preparing to submit mine.",researcher
"Research Network Membership: How can I join your institution's research network on climate change? I'd like to stay informed about collaborative opportunities.",researcher
"Specialized Software Access: Does your institution have a license for [specialized software]? I need it for my current project.",researcher